{
  "version": 1,
  "author": "VINI",
  "editor": "wokwi",
  "parts": [
    {
      "type": "wokwi-esp32-devkit-v1",
      "id": "esp",
      "top": 17.74,
      "left": 157.92,
      "attrs": { "env": "micropython-20230426-v1.20.0" }
    },
    {
      "type": "wokwi-led",
      "id": "led1",
      "top": -79.55,
      "left": 271.44,
      "attrs": { "color": "red" }
    },
    {
      "type": "wokwi-led",
      "id": "led2",
      "top": -78.97,
      "left": 324.28,
      "attrs": { "color": "green" }
    },
    {
      "type": "wokwi-hc-sr04",
      "id": "ultrasonic1",
      "top": -0.54,
      "left": -52,
      "attrs": { "distance": "94" }
    },
    { "type": "wokwi-pir-motion-sensor", "id": "pir1", "top": 1.09, "left": 416.34, "attrs": {} },
    {
      "type": "wokwi-resistor",
      "id": "r1",
      "top": -6.81,
      "left": 272.12,
      "rotate": 90,
      "attrs": { "value": "1000" }
    },
    {
      "type": "wokwi-resistor",
      "id": "r2",
      "top": 27.24,
      "left": 358.92,
      "rotate": 90,
      "attrs": { "value": "1000" }
    }
  ],
  "connections": [
    [ "esp:TX0", "$serialMonitor:RX", "", [] ],
    [ "esp:RX0", "$serialMonitor:TX", "", [] ],
    [ "pir1:VCC", "esp:3V3", "red", [ "v0" ] ],
    [ "pir1:OUT", "esp:D5", "green", [ "v0" ] ],
    [ "pir1:GND", "esp:GND.1", "black", [ "v0" ] ],
    [ "ultrasonic1:TRIG", "esp:D12", "green", [ "v0" ] ],
    [ "ultrasonic1:ECHO", "esp:D13", "green", [ "v0" ] ],
    [ "ultrasonic1:GND", "esp:GND.2", "black", [ "v0" ] ],
    [ "ultrasonic1:VCC", "esp:3V3", "red", [ "v0" ] ],
    [ "led1:C", "r1:1", "green", [ "v0" ] ],
    [ "led1:A", "esp:D4", "green", [ "v0" ] ],
    [ "r1:2", "esp:GND.1", "green", [ "h0.19", "v138.1" ] ],
    [ "led2:A", "esp:D2", "green", [ "v0" ] ],
    [ "led2:C", "r2:1", "green", [ "v0" ] ],
    [ "r2:2", "esp:GND.1", "green", [ "h0.5", "v5.84" ] ]
  ],
  "dependencies": {}
}